{"val_loss": [2.3025851425641872, 2.3025851282784706], "val_binary_accuracy": [0.8571428571428571, 0.8571428571428571], "loss": [4.363204711233018, 1.0274420247924354e-07], "binary_accuracy": [0.6, 1.0]}