{"val_loss": [2.3025851282784706], "val_binary_accuracy": [0.8571428571428571], "loss": [2.342034717796233], "binary_accuracy": [0.8]}