{"val_loss": [2.3025851282784706, 2.3025851282784706], "val_binary_accuracy": [0.8571428571428571, 0.8571428571428571], "loss": [3.46619087753317, 1.0745397798632945], "binary_accuracy": [0.7333333333333333, 0.9333333333333333]}